path,label
images/train/alternator/alternator_0000.jpg,alternator
images/train/alternator/alternator_0001.jpg,alternator
images/train/alternator/alternator_0002.jpg,alternator
images/train/alternator/alternator_0003.jpg,alternator
images/train/alternator/alternator_0004.jpg,alternator
images/train/alternator/alternator_0005.jpg,alternator
images/train/alternator/alternator_0006.jpg,alternator
images/train/alternator/alternator_0007.jpg,alternator
images/train/alternator/alternator_0008.jpg,alternator
images/train/alternator/alternator_0009.jpg,alternator
images/train/alternator/alternator_0010.jpg,alternator
images/train/alternator/alternator_0011.jpg,alternator
images/train/alternator/alternator_0012.jpg,alternator
images/train/alternator/alternator_0013.jpg,alternator
images/train/alternator/alternator_0014.jpg,alternator
images/train/alternator/alternator_0015.jpg,alternator
images/train/alternator/alternator_0016.jpg,alternator
images/train/alternator/alternator_0017.jpg,alternator
images/train/alternator/alternator_0018.jpg,alternator
images/train/alternator/alternator_0019.jpg,alternator
images/train/alternator/alternator_0020.jpg,alternator
images/train/alternator/alternator_0021.jpg,alternator
images/train/alternator/alternator_0022.jpg,alternator
images/train/alternator/alternator_0023.jpg,alternator
images/train/alternator/alternator_0024.jpg,alternator
images/train/alternator/alternator_0025.jpg,alternator
images/train/alternator/alternator_0026.jpg,alternator
images/train/alternator/alternator_0027.jpg,alternator
images/train/alternator/alternator_0028.jpg,alternator
images/train/alternator/alternator_0029.jpg,alternator
images/train/alternator/alternator_0030.jpg,alternator
images/train/alternator/alternator_0031.jpg,alternator
images/train/alternator/alternator_0032.jpg,alternator
images/train/alternator/alternator_0033.jpg,alternator
images/train/alternator/alternator_0034.jpg,alternator
images/train/alternator/alternator_0035.jpg,alternator
images/train/alternator/alternator_0036.jpg,alternator
images/train/alternator/alternator_0037.jpg,alternator
images/train/alternator/alternator_0038.jpg,alternator
images/train/alternator/alternator_0039.jpg,alternator
images/train/alternator/alternator_0040.jpg,alternator
images/train/alternator/alternator_0041.jpg,alternator
images/train/alternator/alternator_0042.jpg,alternator
images/train/alternator/alternator_0043.jpg,alternator
images/train/alternator/alternator_0044.jpg,alternator
images/train/alternator/alternator_0045.jpg,alternator
images/train/alternator/alternator_0046.jpg,alternator
images/train/alternator/alternator_0047.jpg,alternator
images/train/brake_disc/brake_disc_0000.jpg,brake_disc
images/train/brake_disc/brake_disc_0001.jpg,brake_disc
images/train/brake_disc/brake_disc_0002.jpg,brake_disc
images/train/brake_disc/brake_disc_0003.jpg,brake_disc
images/train/brake_disc/brake_disc_0004.jpg,brake_disc
images/train/brake_disc/brake_disc_0005.jpg,brake_disc
images/train/brake_disc/brake_disc_0006.jpg,brake_disc
images/train/brake_disc/brake_disc_0007.jpg,brake_disc
images/train/brake_disc/brake_disc_0008.jpg,brake_disc
images/train/brake_disc/brake_disc_0009.jpg,brake_disc
images/train/brake_disc/brake_disc_0010.jpg,brake_disc
images/train/brake_disc/brake_disc_0011.jpg,brake_disc
images/train/brake_disc/brake_disc_0012.jpg,brake_disc
images/train/brake_disc/brake_disc_0013.jpg,brake_disc
images/train/brake_disc/brake_disc_0014.jpg,brake_disc
images/train/brake_disc/brake_disc_0015.jpg,brake_disc
images/train/brake_disc/brake_disc_0016.jpg,brake_disc
images/train/brake_disc/brake_disc_0017.jpg,brake_disc
images/train/brake_disc/brake_disc_0018.jpg,brake_disc
images/train/brake_disc/brake_disc_0019.jpg,brake_disc
images/train/brake_disc/brake_disc_0020.jpg,brake_disc
images/train/brake_disc/brake_disc_0021.jpg,brake_disc
images/train/brake_disc/brake_disc_0022.jpg,brake_disc
images/train/brake_disc/brake_disc_0023.jpg,brake_disc
images/train/brake_disc/brake_disc_0024.jpg,brake_disc
images/train/brake_disc/brake_disc_0025.jpg,brake_disc
images/train/brake_disc/brake_disc_0026.jpg,brake_disc
images/train/brake_disc/brake_disc_0027.jpg,brake_disc
images/train/brake_disc/brake_disc_0028.jpg,brake_disc
images/train/brake_disc/brake_disc_0029.jpg,brake_disc
images/train/brake_disc/brake_disc_0030.jpg,brake_disc
images/train/brake_disc/brake_disc_0031.jpg,brake_disc
images/train/brake_disc/brake_disc_0032.jpg,brake_disc
images/train/brake_disc/brake_disc_0033.jpg,brake_disc
images/train/brake_disc/brake_disc_0034.jpg,brake_disc
images/train/headlight_left/headlight_left_0000.jpg,headlight_left
images/train/headlight_left/headlight_left_0001.jpg,headlight_left
images/train/headlight_left/headlight_left_0002.jpg,headlight_left
images/train/headlight_left/headlight_left_0003.jpg,headlight_left
images/train/headlight_left/headlight_left_0004.jpg,headlight_left
images/train/headlight_left/headlight_left_0005.jpg,headlight_left
images/train/headlight_left/headlight_left_0006.jpg,headlight_left
images/train/headlight_left/headlight_left_0007.jpg,headlight_left
images/train/headlight_left/headlight_left_0008.jpg,headlight_left
images/train/headlight_left/headlight_left_0009.jpg,headlight_left
images/train/headlight_left/headlight_left_0010.jpg,headlight_left
images/train/headlight_left/headlight_left_0011.jpg,headlight_left
images/train/headlight_left/headlight_left_0012.jpg,headlight_left
images/train/headlight_left/headlight_left_0013.jpg,headlight_left
images/train/headlight_left/headlight_left_0014.jpg,headlight_left
images/train/headlight_left/headlight_left_0015.jpg,headlight_left
images/train/headlight_left/headlight_left_0016.jpg,headlight_left
images/train/headlight_left/headlight_left_0017.jpg,headlight_left
images/train/headlight_left/headlight_left_0018.jpg,headlight_left
images/train/headlight_left/headlight_left_0019.jpg,headlight_left
images/train/headlight_left/headlight_left_0020.jpg,headlight_left
images/train/headlight_left/headlight_left_0021.jpg,headlight_left
images/train/headlight_left/headlight_left_0022.jpg,headlight_left
images/train/headlight_left/headlight_left_0023.jpg,headlight_left
images/train/headlight_left/headlight_left_0024.jpg,headlight_left
images/train/headlight_left/headlight_left_0025.jpg,headlight_left
images/train/headlight_left/headlight_left_0026.jpg,headlight_left
images/train/headlight_left/headlight_left_0027.jpg,headlight_left
images/train/headlight_left/headlight_left_0028.jpg,headlight_left
images/train/headlight_left/headlight_left_0029.jpg,headlight_left
images/train/headlight_left/headlight_left_0030.jpg,headlight_left
images/train/headlight_left/headlight_left_0031.jpg,headlight_left
images/train/headlight_left/headlight_left_0032.jpg,headlight_left
images/train/headlight_left/headlight_left_0033.jpg,headlight_left
images/train/headlight_left/headlight_left_0034.jpg,headlight_left
images/train/headlight_left/headlight_left_0035.jpg,headlight_left
images/train/headlight_left/headlight_left_0036.jpg,headlight_left
images/train/headlight_left/headlight_left_0037.jpg,headlight_left
images/train/headlight_left/headlight_left_0038.jpg,headlight_left
images/train/headlight_left/headlight_left_0039.jpg,headlight_left
images/train/headlight_left/headlight_left_0040.jpg,headlight_left
images/train/headlight_left/headlight_left_0041.jpg,headlight_left
images/train/headlight_left/headlight_left_0042.jpg,headlight_left
images/train/headlight_left/headlight_left_0043.jpg,headlight_left
images/train/headlight_left/headlight_left_0044.jpg,headlight_left
images/train/headlight_left/headlight_left_0045.jpg,headlight_left
images/train/headlight_left/headlight_left_0046.jpg,headlight_left
images/train/headlight_left/headlight_left_0047.jpg,headlight_left
images/train/headlight_left/headlight_left_0048.jpg,headlight_left
images/train/headlight_left/headlight_left_0049.jpg,headlight_left
images/train/headlight_left/headlight_left_0050.jpg,headlight_left
images/train/headlight_left/headlight_left_0051.jpg,headlight_left
images/train/headlight_left/headlight_left_0052.jpg,headlight_left
images/train/headlight_left/headlight_left_0053.jpg,headlight_left
images/train/headlight_left/headlight_left_0054.jpg,headlight_left
images/train/headlight_left/headlight_left_0055.jpg,headlight_left
images/train/headlight_left/headlight_left_0056.jpg,headlight_left
images/train/headlight_left/headlight_left_0057.jpg,headlight_left
images/train/headlight_left/headlight_left_0058.jpg,headlight_left
images/train/headlight_left/headlight_left_0059.jpg,headlight_left
images/train/headlight_left/headlight_left_0060.jpg,headlight_left
images/train/headlight_left/headlight_left_0061.jpg,headlight_left
images/train/headlight_left/headlight_left_0062.jpg,headlight_left
images/train/headlight_left/headlight_left_0063.jpg,headlight_left
images/train/headlight_left/headlight_left_0064.jpg,headlight_left
images/train/headlight_left/headlight_left_0065.jpg,headlight_left
images/train/headlight_left/headlight_left_0066.jpg,headlight_left
images/train/headlight_left/headlight_left_0067.jpg,headlight_left
images/train/headlight_left/headlight_left_0068.jpg,headlight_left
images/train/headlight_left/headlight_left_0069.jpg,headlight_left
images/train/headlight_left/headlight_left_0070.jpg,headlight_left
images/train/headlight_left/headlight_left_0071.jpg,headlight_left
images/train/headlight_left/headlight_left_0072.jpg,headlight_left
images/train/headlight_left/headlight_left_0073.jpg,headlight_left
images/train/headlight_left/headlight_left_0074.jpg,headlight_left
images/train/headlight_left/headlight_left_0075.jpg,headlight_left
images/train/headlight_left/headlight_left_0076.jpg,headlight_left
images/train/headlight_left/headlight_left_0077.jpg,headlight_left
images/train/headlight_left/headlight_left_0078.jpg,headlight_left
images/train/headlight_left/headlight_left_0079.jpg,headlight_left
images/train/headlight_left/headlight_left_0080.jpg,headlight_left
images/train/headlight_left/headlight_left_0081.jpg,headlight_left
images/train/headlight_left/headlight_left_0082.jpg,headlight_left
images/train/headlight_left/headlight_left_0083.jpg,headlight_left
images/train/headlight_left/headlight_left_0084.jpg,headlight_left
images/train/headlight_left/headlight_left_0085.jpg,headlight_left
images/train/headlight_left/headlight_left_0086.jpg,headlight_left
images/train/headlight_left/headlight_left_0087.jpg,headlight_left
images/train/headlight_left/headlight_left_0088.jpg,headlight_left
images/train/headlight_left/headlight_left_0089.jpg,headlight_left
images/train/headlight_left/headlight_left_0090.jpg,headlight_left
images/train/headlight_left/headlight_left_0091.jpg,headlight_left
images/train/headlight_left/headlight_left_0092.jpg,headlight_left
images/train/headlight_left/headlight_left_0093.jpg,headlight_left
images/train/headlight_left/headlight_left_0094.jpg,headlight_left
images/train/headlight_left/headlight_left_0095.jpg,headlight_left
images/train/headlight_left/headlight_left_0096.jpg,headlight_left
images/train/headlight_left/headlight_left_0097.jpg,headlight_left
images/train/headlight_left/headlight_left_0098.jpg,headlight_left
images/train/headlight_left/headlight_left_0099.jpg,headlight_left
images/train/headlight_left/headlight_left_0100.jpg,headlight_left
images/train/headlight_left/headlight_left_0101.jpg,headlight_left
images/train/headlight_left/headlight_left_0102.jpg,headlight_left
images/train/headlight_left/headlight_left_0103.jpg,headlight_left
images/train/headlight_right/headlight_right_0000.jpg,headlight_right
images/train/headlight_right/headlight_right_0001.jpg,headlight_right
images/train/headlight_right/headlight_right_0002.jpg,headlight_right
images/train/headlight_right/headlight_right_0003.jpg,headlight_right
images/train/headlight_right/headlight_right_0004.jpg,headlight_right
images/train/headlight_right/headlight_right_0005.jpg,headlight_right
images/train/headlight_right/headlight_right_0006.jpg,headlight_right
images/train/headlight_right/headlight_right_0007.jpg,headlight_right
images/train/headlight_right/headlight_right_0008.jpg,headlight_right
images/train/headlight_right/headlight_right_0009.jpg,headlight_right
images/train/headlight_right/headlight_right_0010.jpg,headlight_right
images/train/headlight_right/headlight_right_0011.jpg,headlight_right
images/train/headlight_right/headlight_right_0012.jpg,headlight_right
images/train/headlight_right/headlight_right_0013.jpg,headlight_right
images/train/headlight_right/headlight_right_0014.jpg,headlight_right
images/train/headlight_right/headlight_right_0015.jpg,headlight_right
images/train/headlight_right/headlight_right_0016.jpg,headlight_right
images/train/headlight_right/headlight_right_0017.jpg,headlight_right
images/train/headlight_right/headlight_right_0018.jpg,headlight_right
images/train/headlight_right/headlight_right_0019.jpg,headlight_right
images/train/headlight_right/headlight_right_0020.jpg,headlight_right
images/train/headlight_right/headlight_right_0021.jpg,headlight_right
images/train/headlight_right/headlight_right_0022.jpg,headlight_right
images/train/headlight_right/headlight_right_0023.jpg,headlight_right
images/train/headlight_right/headlight_right_0024.jpg,headlight_right
images/train/headlight_right/headlight_right_0025.jpg,headlight_right
images/train/headlight_right/headlight_right_0026.jpg,headlight_right
images/train/headlight_right/headlight_right_0027.jpg,headlight_right
images/train/headlight_right/headlight_right_0028.jpg,headlight_right
images/train/headlight_right/headlight_right_0029.jpg,headlight_right
images/train/headlight_right/headlight_right_0030.jpg,headlight_right
images/train/headlight_right/headlight_right_0031.jpg,headlight_right
images/train/headlight_right/headlight_right_0032.jpg,headlight_right
images/train/headlight_right/headlight_right_0033.jpg,headlight_right
images/train/headlight_right/headlight_right_0034.jpg,headlight_right
images/train/headlight_right/headlight_right_0035.jpg,headlight_right
images/train/headlight_right/headlight_right_0036.jpg,headlight_right
images/train/headlight_right/headlight_right_0037.jpg,headlight_right
images/train/headlight_right/headlight_right_0038.jpg,headlight_right
images/train/headlight_right/headlight_right_0039.jpg,headlight_right
images/train/headlight_right/headlight_right_0040.jpg,headlight_right
images/train/headlight_right/headlight_right_0041.jpg,headlight_right
images/train/headlight_right/headlight_right_0042.jpg,headlight_right
images/train/headlight_right/headlight_right_0043.jpg,headlight_right
images/train/headlight_right/headlight_right_0044.jpg,headlight_right
images/train/headlight_right/headlight_right_0045.jpg,headlight_right
images/train/headlight_right/headlight_right_0046.jpg,headlight_right
images/train/headlight_right/headlight_right_0047.jpg,headlight_right
images/train/headlight_right/headlight_right_0048.jpg,headlight_right
images/train/headlight_right/headlight_right_0049.jpg,headlight_right
images/train/headlight_right/headlight_right_0050.jpg,headlight_right
images/train/headlight_right/headlight_right_0051.jpg,headlight_right
images/train/headlight_right/headlight_right_0052.jpg,headlight_right
images/train/headlight_right/headlight_right_0053.jpg,headlight_right
images/train/headlight_right/headlight_right_0054.jpg,headlight_right
images/train/headlight_right/headlight_right_0055.jpg,headlight_right
images/train/headlight_right/headlight_right_0056.jpg,headlight_right
images/train/headlight_right/headlight_right_0057.jpg,headlight_right
images/train/headlight_right/headlight_right_0058.jpg,headlight_right
images/train/headlight_right/headlight_right_0059.jpg,headlight_right
images/train/headlight_right/headlight_right_0060.jpg,headlight_right
images/train/headlight_right/headlight_right_0061.jpg,headlight_right
images/train/headlight_right/headlight_right_0062.jpg,headlight_right
images/train/headlight_right/headlight_right_0063.jpg,headlight_right
images/train/headlight_right/headlight_right_0064.jpg,headlight_right
images/train/headlight_right/headlight_right_0065.jpg,headlight_right
images/train/headlight_right/headlight_right_0066.jpg,headlight_right
images/train/headlight_right/headlight_right_0067.jpg,headlight_right
images/train/headlight_right/headlight_right_0068.jpg,headlight_right
images/train/headlight_right/headlight_right_0069.jpg,headlight_right
images/train/headlight_right/headlight_right_0070.jpg,headlight_right
images/train/headlight_right/headlight_right_0071.jpg,headlight_right
images/train/headlight_right/headlight_right_0072.jpg,headlight_right
images/train/headlight_right/headlight_right_0073.jpg,headlight_right
images/train/headlight_right/headlight_right_0074.jpg,headlight_right
images/train/headlight_right/headlight_right_0075.jpg,headlight_right
images/train/headlight_right/headlight_right_0076.jpg,headlight_right
images/train/headlight_right/headlight_right_0077.jpg,headlight_right
images/train/headlight_right/headlight_right_0078.jpg,headlight_right
images/train/headlight_right/headlight_right_0079.jpg,headlight_right
images/train/headlight_right/headlight_right_0080.jpg,headlight_right
images/train/headlight_right/headlight_right_0081.jpg,headlight_right
images/train/headlight_right/headlight_right_0082.jpg,headlight_right
images/train/headlight_right/headlight_right_0083.jpg,headlight_right
images/train/headlight_right/headlight_right_0084.jpg,headlight_right
images/train/headlight_right/headlight_right_0085.jpg,headlight_right
images/train/headlight_right/headlight_right_0086.jpg,headlight_right
images/train/headlight_right/headlight_right_0087.jpg,headlight_right
images/train/headlight_right/headlight_right_0088.jpg,headlight_right
images/train/headlight_right/headlight_right_0089.jpg,headlight_right
images/train/headlight_right/headlight_right_0090.jpg,headlight_right
images/train/headlight_right/headlight_right_0091.jpg,headlight_right
images/train/headlight_right/headlight_right_0092.jpg,headlight_right
images/train/headlight_right/headlight_right_0093.jpg,headlight_right
images/train/headlight_right/headlight_right_0094.jpg,headlight_right
images/train/headlight_right/headlight_right_0095.jpg,headlight_right
images/train/headlight_right/headlight_right_0096.jpg,headlight_right
images/train/headlight_right/headlight_right_0097.jpg,headlight_right
images/train/headlight_right/headlight_right_0098.jpg,headlight_right
images/train/headlight_right/headlight_right_0099.jpg,headlight_right
images/train/headlight_right/headlight_right_0100.jpg,headlight_right
images/train/headlight_right/headlight_right_0101.jpg,headlight_right
images/train/headlight_right/headlight_right_0102.jpg,headlight_right
images/train/headlight_right/headlight_right_0103.jpg,headlight_right
images/train/side_mirror_left/side_mirror_left_0000.jpg,side_mirror_left
images/train/side_mirror_left/side_mirror_left_0001.jpg,side_mirror_left
images/train/side_mirror_left/side_mirror_left_0002.jpg,side_mirror_left
images/train/side_mirror_left/side_mirror_left_0003.jpg,side_mirror_left
images/train/side_mirror_left/side_mirror_left_0004.jpg,side_mirror_left
images/train/side_mirror_left/side_mirror_left_0005.jpg,side_mirror_left
images/train/side_mirror_left/side_mirror_left_0006.jpg,side_mirror_left
images/train/side_mirror_left/side_mirror_left_0007.jpg,side_mirror_left
images/train/side_mirror_left/side_mirror_left_0008.jpg,side_mirror_left
images/train/side_mirror_left/side_mirror_left_0009.jpg,side_mirror_left
images/train/side_mirror_left/side_mirror_left_0010.jpg,side_mirror_left
images/train/side_mirror_left/side_mirror_left_0011.jpg,side_mirror_left
images/train/side_mirror_left/side_mirror_left_0012.jpg,side_mirror_left
images/train/side_mirror_left/side_mirror_left_0013.jpg,side_mirror_left
images/train/side_mirror_left/side_mirror_left_0014.jpg,side_mirror_left
images/train/side_mirror_left/side_mirror_left_0015.jpg,side_mirror_left
images/train/side_mirror_left/side_mirror_left_0016.jpg,side_mirror_left
images/train/side_mirror_left/side_mirror_left_0017.jpg,side_mirror_left
images/train/side_mirror_left/side_mirror_left_0018.jpg,side_mirror_left
images/train/side_mirror_left/side_mirror_left_0019.jpg,side_mirror_left
images/train/side_mirror_left/side_mirror_left_0020.jpg,side_mirror_left
images/train/side_mirror_left/side_mirror_left_0021.jpg,side_mirror_left
images/train/side_mirror_left/side_mirror_left_0022.jpg,side_mirror_left
images/train/side_mirror_left/side_mirror_left_0023.jpg,side_mirror_left
images/train/side_mirror_left/side_mirror_left_0024.jpg,side_mirror_left
images/train/side_mirror_left/side_mirror_left_0025.jpg,side_mirror_left
images/train/side_mirror_left/side_mirror_left_0026.jpg,side_mirror_left
images/train/side_mirror_left/side_mirror_left_0027.jpg,side_mirror_left
images/train/side_mirror_left/side_mirror_left_0028.jpg,side_mirror_left
images/train/side_mirror_left/side_mirror_left_0029.jpg,side_mirror_left
images/train/side_mirror_left/side_mirror_left_0030.jpg,side_mirror_left
images/train/side_mirror_left/side_mirror_left_0031.jpg,side_mirror_left
images/train/side_mirror_left/side_mirror_left_0032.jpg,side_mirror_left
images/train/side_mirror_left/side_mirror_left_0033.jpg,side_mirror_left
images/train/side_mirror_left/side_mirror_left_0034.jpg,side_mirror_left
images/train/side_mirror_left/side_mirror_left_0035.jpg,side_mirror_left
images/train/side_mirror_left/side_mirror_left_0036.jpg,side_mirror_left
images/train/side_mirror_left/side_mirror_left_0037.jpg,side_mirror_left
images/train/side_mirror_left/side_mirror_left_0038.jpg,side_mirror_left
images/train/side_mirror_left/side_mirror_left_0039.jpg,side_mirror_left
images/train/side_mirror_left/side_mirror_left_0040.jpg,side_mirror_left
images/train/side_mirror_left/side_mirror_left_0041.jpg,side_mirror_left
images/train/side_mirror_left/side_mirror_left_0042.jpg,side_mirror_left
images/train/side_mirror_left/side_mirror_left_0043.jpg,side_mirror_left
images/train/side_mirror_left/side_mirror_left_0044.jpg,side_mirror_left
images/train/side_mirror_left/side_mirror_left_0045.jpg,side_mirror_left
images/train/side_mirror_left/side_mirror_left_0046.jpg,side_mirror_left
images/train/side_mirror_left/side_mirror_left_0047.jpg,side_mirror_left
images/train/side_mirror_left/side_mirror_left_0048.jpg,side_mirror_left
images/train/side_mirror_left/side_mirror_left_0049.jpg,side_mirror_left
images/train/side_mirror_left/side_mirror_left_0050.jpg,side_mirror_left
images/train/side_mirror_left/side_mirror_left_0051.jpg,side_mirror_left
images/train/side_mirror_left/side_mirror_left_0052.jpg,side_mirror_left
images/train/side_mirror_left/side_mirror_left_0053.jpg,side_mirror_left
images/train/side_mirror_left/side_mirror_left_0054.jpg,side_mirror_left
images/train/side_mirror_left/side_mirror_left_0055.jpg,side_mirror_left
images/train/side_mirror_left/side_mirror_left_0056.jpg,side_mirror_left
images/train/side_mirror_left/side_mirror_left_0057.jpg,side_mirror_left
images/train/side_mirror_left/side_mirror_left_0058.jpg,side_mirror_left
images/train/side_mirror_left/side_mirror_left_0059.jpg,side_mirror_left
images/train/side_mirror_left/side_mirror_left_0060.jpg,side_mirror_left
images/train/side_mirror_left/side_mirror_left_0061.jpg,side_mirror_left
images/train/side_mirror_left/side_mirror_left_0062.jpg,side_mirror_left
images/train/side_mirror_left/side_mirror_left_0063.jpg,side_mirror_left
images/train/side_mirror_left/side_mirror_left_0064.jpg,side_mirror_left
images/train/side_mirror_left/side_mirror_left_0065.jpg,side_mirror_left
images/train/side_mirror_left/side_mirror_left_0066.jpg,side_mirror_left
images/train/side_mirror_left/side_mirror_left_0067.jpg,side_mirror_left
images/train/side_mirror_left/side_mirror_left_0068.jpg,side_mirror_left
images/train/side_mirror_left/side_mirror_left_0069.jpg,side_mirror_left
images/train/side_mirror_left/side_mirror_left_0070.jpg,side_mirror_left
images/train/side_mirror_left/side_mirror_left_0071.jpg,side_mirror_left
images/train/side_mirror_left/side_mirror_left_0072.jpg,side_mirror_left
images/train/side_mirror_left/side_mirror_left_0073.jpg,side_mirror_left
images/train/side_mirror_left/side_mirror_left_0074.jpg,side_mirror_left
images/train/side_mirror_left/side_mirror_left_0075.jpg,side_mirror_left
images/train/side_mirror_left/side_mirror_left_0076.jpg,side_mirror_left
images/train/side_mirror_left/side_mirror_left_0077.jpg,side_mirror_left
images/train/side_mirror_left/side_mirror_left_0078.jpg,side_mirror_left
images/train/side_mirror_left/side_mirror_left_0079.jpg,side_mirror_left
images/train/side_mirror_left/side_mirror_left_0080.jpg,side_mirror_left
images/train/side_mirror_left/side_mirror_left_0081.jpg,side_mirror_left
images/train/side_mirror_left/side_mirror_left_0082.jpg,side_mirror_left
images/train/side_mirror_left/side_mirror_left_0083.jpg,side_mirror_left
images/train/side_mirror_left/side_mirror_left_0084.jpg,side_mirror_left
images/train/side_mirror_left/side_mirror_left_0085.jpg,side_mirror_left
images/train/side_mirror_left/side_mirror_left_0086.jpg,side_mirror_left
images/train/side_mirror_left/side_mirror_left_0087.jpg,side_mirror_left
images/train/side_mirror_left/side_mirror_left_0088.jpg,side_mirror_left
images/train/side_mirror_left/side_mirror_left_0089.jpg,side_mirror_left
images/train/side_mirror_left/side_mirror_left_0090.jpg,side_mirror_left
images/train/side_mirror_left/side_mirror_left_0091.jpg,side_mirror_left
images/train/side_mirror_left/side_mirror_left_0092.jpg,side_mirror_left
images/train/side_mirror_left/side_mirror_left_0093.jpg,side_mirror_left
images/train/side_mirror_left/side_mirror_left_0094.jpg,side_mirror_left
images/train/side_mirror_left/side_mirror_left_0095.jpg,side_mirror_left
images/train/side_mirror_left/side_mirror_left_0096.jpg,side_mirror_left
images/train/side_mirror_left/side_mirror_left_0097.jpg,side_mirror_left
images/train/side_mirror_left/side_mirror_left_0098.jpg,side_mirror_left
images/train/side_mirror_left/side_mirror_left_0099.jpg,side_mirror_left
images/train/side_mirror_left/side_mirror_left_0100.jpg,side_mirror_left
images/train/side_mirror_left/side_mirror_left_0101.jpg,side_mirror_left
images/train/side_mirror_left/side_mirror_left_0102.jpg,side_mirror_left
images/train/side_mirror_left/side_mirror_left_0103.jpg,side_mirror_left
images/train/side_mirror_left/side_mirror_left_0104.jpg,side_mirror_left
images/train/side_mirror_left/side_mirror_left_0105.jpg,side_mirror_left
images/train/side_mirror_left/side_mirror_left_0106.jpg,side_mirror_left
images/train/side_mirror_left/side_mirror_left_0107.jpg,side_mirror_left
images/train/side_mirror_left/side_mirror_left_0108.jpg,side_mirror_left
images/train/side_mirror_left/side_mirror_left_0109.jpg,side_mirror_left
images/train/side_mirror_left/side_mirror_left_0110.jpg,side_mirror_left
images/train/side_mirror_left/side_mirror_left_0111.jpg,side_mirror_left
images/train/side_mirror_left/side_mirror_left_0112.jpg,side_mirror_left
images/train/side_mirror_left/side_mirror_left_0113.jpg,side_mirror_left
images/train/side_mirror_left/side_mirror_left_0114.jpg,side_mirror_left
images/train/side_mirror_left/side_mirror_left_0115.jpg,side_mirror_left
images/train/side_mirror_left/side_mirror_left_0116.jpg,side_mirror_left
images/train/side_mirror_left/side_mirror_left_0117.jpg,side_mirror_left
images/train/side_mirror_left/side_mirror_left_0118.jpg,side_mirror_left
images/train/side_mirror_left/side_mirror_left_0119.jpg,side_mirror_left
images/train/side_mirror_left/side_mirror_left_0120.jpg,side_mirror_left
images/train/side_mirror_left/side_mirror_left_0121.jpg,side_mirror_left
images/train/side_mirror_left/side_mirror_left_0122.jpg,side_mirror_left
images/train/side_mirror_left/side_mirror_left_0123.jpg,side_mirror_left
images/train/side_mirror_left/side_mirror_left_0124.jpg,side_mirror_left
images/train/side_mirror_left/side_mirror_left_0125.jpg,side_mirror_left
images/train/side_mirror_left/side_mirror_left_0126.jpg,side_mirror_left
images/train/side_mirror_left/side_mirror_left_0127.jpg,side_mirror_left
images/train/side_mirror_left/side_mirror_left_0128.jpg,side_mirror_left
images/train/side_mirror_left/side_mirror_left_0129.jpg,side_mirror_left
images/train/side_mirror_left/side_mirror_left_0130.jpg,side_mirror_left
images/train/side_mirror_left/side_mirror_left_0131.jpg,side_mirror_left
images/train/side_mirror_left/side_mirror_left_0132.jpg,side_mirror_left
images/train/side_mirror_left/side_mirror_left_0133.jpg,side_mirror_left
images/train/side_mirror_left/side_mirror_left_0134.jpg,side_mirror_left
images/train/side_mirror_left/side_mirror_left_0135.jpg,side_mirror_left
images/train/side_mirror_right/side_mirror_right_0000.jpg,side_mirror_right
images/train/side_mirror_right/side_mirror_right_0001.jpg,side_mirror_right
images/train/side_mirror_right/side_mirror_right_0002.jpg,side_mirror_right
images/train/side_mirror_right/side_mirror_right_0003.jpg,side_mirror_right
images/train/side_mirror_right/side_mirror_right_0004.jpg,side_mirror_right
images/train/side_mirror_right/side_mirror_right_0005.jpg,side_mirror_right
images/train/side_mirror_right/side_mirror_right_0006.jpg,side_mirror_right
images/train/side_mirror_right/side_mirror_right_0007.jpg,side_mirror_right
images/train/side_mirror_right/side_mirror_right_0008.jpg,side_mirror_right
images/train/side_mirror_right/side_mirror_right_0009.jpg,side_mirror_right
images/train/side_mirror_right/side_mirror_right_0010.jpg,side_mirror_right
images/train/side_mirror_right/side_mirror_right_0011.jpg,side_mirror_right
images/train/side_mirror_right/side_mirror_right_0012.jpg,side_mirror_right
images/train/side_mirror_right/side_mirror_right_0013.jpg,side_mirror_right
images/train/side_mirror_right/side_mirror_right_0014.jpg,side_mirror_right
images/train/side_mirror_right/side_mirror_right_0015.jpg,side_mirror_right
images/train/side_mirror_right/side_mirror_right_0016.jpg,side_mirror_right
images/train/side_mirror_right/side_mirror_right_0017.jpg,side_mirror_right
images/train/side_mirror_right/side_mirror_right_0018.jpg,side_mirror_right
images/train/side_mirror_right/side_mirror_right_0019.jpg,side_mirror_right
images/train/side_mirror_right/side_mirror_right_0020.jpg,side_mirror_right
images/train/side_mirror_right/side_mirror_right_0021.jpg,side_mirror_right
images/train/side_mirror_right/side_mirror_right_0022.jpg,side_mirror_right
images/train/side_mirror_right/side_mirror_right_0023.jpg,side_mirror_right
images/train/side_mirror_right/side_mirror_right_0024.jpg,side_mirror_right
images/train/side_mirror_right/side_mirror_right_0025.jpg,side_mirror_right
images/train/side_mirror_right/side_mirror_right_0026.jpg,side_mirror_right
images/train/side_mirror_right/side_mirror_right_0027.jpg,side_mirror_right
images/train/side_mirror_right/side_mirror_right_0028.jpg,side_mirror_right
images/train/side_mirror_right/side_mirror_right_0029.jpg,side_mirror_right
images/train/side_mirror_right/side_mirror_right_0030.jpg,side_mirror_right
images/train/side_mirror_right/side_mirror_right_0031.jpg,side_mirror_right
images/train/side_mirror_right/side_mirror_right_0032.jpg,side_mirror_right
images/train/side_mirror_right/side_mirror_right_0033.jpg,side_mirror_right
images/train/side_mirror_right/side_mirror_right_0034.jpg,side_mirror_right
images/train/side_mirror_right/side_mirror_right_0035.jpg,side_mirror_right
images/train/side_mirror_right/side_mirror_right_0036.jpg,side_mirror_right
images/train/side_mirror_right/side_mirror_right_0037.jpg,side_mirror_right
images/train/side_mirror_right/side_mirror_right_0038.jpg,side_mirror_right
images/train/side_mirror_right/side_mirror_right_0039.jpg,side_mirror_right
images/train/side_mirror_right/side_mirror_right_0040.jpg,side_mirror_right
images/train/side_mirror_right/side_mirror_right_0041.jpg,side_mirror_right
images/train/side_mirror_right/side_mirror_right_0042.jpg,side_mirror_right
images/train/side_mirror_right/side_mirror_right_0043.jpg,side_mirror_right
images/train/side_mirror_right/side_mirror_right_0044.jpg,side_mirror_right
images/train/side_mirror_right/side_mirror_right_0045.jpg,side_mirror_right
images/train/side_mirror_right/side_mirror_right_0046.jpg,side_mirror_right
images/train/side_mirror_right/side_mirror_right_0047.jpg,side_mirror_right
images/train/side_mirror_right/side_mirror_right_0048.jpg,side_mirror_right
images/train/side_mirror_right/side_mirror_right_0049.jpg,side_mirror_right
images/train/side_mirror_right/side_mirror_right_0050.jpg,side_mirror_right
images/train/side_mirror_right/side_mirror_right_0051.jpg,side_mirror_right
images/train/side_mirror_right/side_mirror_right_0052.jpg,side_mirror_right
images/train/side_mirror_right/side_mirror_right_0053.jpg,side_mirror_right
images/train/side_mirror_right/side_mirror_right_0054.jpg,side_mirror_right
images/train/side_mirror_right/side_mirror_right_0055.jpg,side_mirror_right
images/train/side_mirror_right/side_mirror_right_0056.jpg,side_mirror_right
images/train/side_mirror_right/side_mirror_right_0057.jpg,side_mirror_right
images/train/side_mirror_right/side_mirror_right_0058.jpg,side_mirror_right
images/train/side_mirror_right/side_mirror_right_0059.jpg,side_mirror_right
images/train/side_mirror_right/side_mirror_right_0060.jpg,side_mirror_right
images/train/side_mirror_right/side_mirror_right_0061.jpg,side_mirror_right
images/train/side_mirror_right/side_mirror_right_0062.jpg,side_mirror_right
images/train/side_mirror_right/side_mirror_right_0063.jpg,side_mirror_right
images/train/side_mirror_right/side_mirror_right_0064.jpg,side_mirror_right
images/train/side_mirror_right/side_mirror_right_0065.jpg,side_mirror_right
images/train/side_mirror_right/side_mirror_right_0066.jpg,side_mirror_right
images/train/side_mirror_right/side_mirror_right_0067.jpg,side_mirror_right
images/train/side_mirror_right/side_mirror_right_0068.jpg,side_mirror_right
images/train/side_mirror_right/side_mirror_right_0069.jpg,side_mirror_right
images/train/side_mirror_right/side_mirror_right_0070.jpg,side_mirror_right
images/train/side_mirror_right/side_mirror_right_0071.jpg,side_mirror_right
images/train/side_mirror_right/side_mirror_right_0072.jpg,side_mirror_right
images/train/side_mirror_right/side_mirror_right_0073.jpg,side_mirror_right
images/train/side_mirror_right/side_mirror_right_0074.jpg,side_mirror_right
images/train/side_mirror_right/side_mirror_right_0075.jpg,side_mirror_right
images/train/side_mirror_right/side_mirror_right_0076.jpg,side_mirror_right
images/train/side_mirror_right/side_mirror_right_0077.jpg,side_mirror_right
images/train/side_mirror_right/side_mirror_right_0078.jpg,side_mirror_right
images/train/side_mirror_right/side_mirror_right_0079.jpg,side_mirror_right
images/train/side_mirror_right/side_mirror_right_0080.jpg,side_mirror_right
images/train/side_mirror_right/side_mirror_right_0081.jpg,side_mirror_right
images/train/side_mirror_right/side_mirror_right_0082.jpg,side_mirror_right
images/train/side_mirror_right/side_mirror_right_0083.jpg,side_mirror_right
images/train/side_mirror_right/side_mirror_right_0084.jpg,side_mirror_right
images/train/side_mirror_right/side_mirror_right_0085.jpg,side_mirror_right
images/train/side_mirror_right/side_mirror_right_0086.jpg,side_mirror_right
images/train/side_mirror_right/side_mirror_right_0087.jpg,side_mirror_right
images/train/side_mirror_right/side_mirror_right_0088.jpg,side_mirror_right
images/train/side_mirror_right/side_mirror_right_0089.jpg,side_mirror_right
images/train/side_mirror_right/side_mirror_right_0090.jpg,side_mirror_right
images/train/side_mirror_right/side_mirror_right_0091.jpg,side_mirror_right
images/train/side_mirror_right/side_mirror_right_0092.jpg,side_mirror_right
images/train/side_mirror_right/side_mirror_right_0093.jpg,side_mirror_right
images/train/side_mirror_right/side_mirror_right_0094.jpg,side_mirror_right
images/train/side_mirror_right/side_mirror_right_0095.jpg,side_mirror_right
images/train/side_mirror_right/side_mirror_right_0096.jpg,side_mirror_right
images/train/side_mirror_right/side_mirror_right_0097.jpg,side_mirror_right
images/train/side_mirror_right/side_mirror_right_0098.jpg,side_mirror_right
images/train/side_mirror_right/side_mirror_right_0099.jpg,side_mirror_right
images/train/side_mirror_right/side_mirror_right_0100.jpg,side_mirror_right
images/train/side_mirror_right/side_mirror_right_0101.jpg,side_mirror_right
images/train/side_mirror_right/side_mirror_right_0102.jpg,side_mirror_right
images/train/side_mirror_right/side_mirror_right_0103.jpg,side_mirror_right
images/train/side_mirror_right/side_mirror_right_0104.jpg,side_mirror_right
images/train/side_mirror_right/side_mirror_right_0105.jpg,side_mirror_right
images/train/side_mirror_right/side_mirror_right_0106.jpg,side_mirror_right
images/train/side_mirror_right/side_mirror_right_0107.jpg,side_mirror_right
images/train/side_mirror_right/side_mirror_right_0108.jpg,side_mirror_right
images/train/side_mirror_right/side_mirror_right_0109.jpg,side_mirror_right
images/train/side_mirror_right/side_mirror_right_0110.jpg,side_mirror_right
images/train/side_mirror_right/side_mirror_right_0111.jpg,side_mirror_right
images/train/side_mirror_right/side_mirror_right_0112.jpg,side_mirror_right
images/train/side_mirror_right/side_mirror_right_0113.jpg,side_mirror_right
images/train/side_mirror_right/side_mirror_right_0114.jpg,side_mirror_right
images/train/side_mirror_right/side_mirror_right_0115.jpg,side_mirror_right
images/train/side_mirror_right/side_mirror_right_0116.jpg,side_mirror_right
images/train/side_mirror_right/side_mirror_right_0117.jpg,side_mirror_right
images/train/side_mirror_right/side_mirror_right_0118.jpg,side_mirror_right
images/train/side_mirror_right/side_mirror_right_0119.jpg,side_mirror_right
images/train/side_mirror_right/side_mirror_right_0120.jpg,side_mirror_right
images/train/side_mirror_right/side_mirror_right_0121.jpg,side_mirror_right
images/train/side_mirror_right/side_mirror_right_0122.jpg,side_mirror_right
images/train/side_mirror_right/side_mirror_right_0123.jpg,side_mirror_right
images/train/side_mirror_right/side_mirror_right_0124.jpg,side_mirror_right
images/train/side_mirror_right/side_mirror_right_0125.jpg,side_mirror_right
images/train/side_mirror_right/side_mirror_right_0126.jpg,side_mirror_right
images/train/side_mirror_right/side_mirror_right_0127.jpg,side_mirror_right
images/train/side_mirror_right/side_mirror_right_0128.jpg,side_mirror_right
images/train/side_mirror_right/side_mirror_right_0129.jpg,side_mirror_right
images/train/side_mirror_right/side_mirror_right_0130.jpg,side_mirror_right
images/train/side_mirror_right/side_mirror_right_0131.jpg,side_mirror_right
images/train/side_mirror_right/side_mirror_right_0132.jpg,side_mirror_right
images/train/side_mirror_right/side_mirror_right_0133.jpg,side_mirror_right
images/train/side_mirror_right/side_mirror_right_0134.jpg,side_mirror_right
images/train/side_mirror_right/side_mirror_right_0135.jpg,side_mirror_right
images/train/taillight_left/taillight_left_0000.jpg,taillight_left
images/train/taillight_left/taillight_left_0001.jpg,taillight_left
images/train/taillight_left/taillight_left_0002.jpg,taillight_left
images/train/taillight_left/taillight_left_0003.jpg,taillight_left
images/train/taillight_left/taillight_left_0004.jpg,taillight_left
images/train/taillight_left/taillight_left_0005.jpg,taillight_left
images/train/taillight_left/taillight_left_0006.jpg,taillight_left
images/train/taillight_left/taillight_left_0007.jpg,taillight_left
images/train/taillight_left/taillight_left_0008.jpg,taillight_left
images/train/taillight_left/taillight_left_0009.jpg,taillight_left
images/train/taillight_left/taillight_left_0010.jpg,taillight_left
images/train/taillight_left/taillight_left_0011.jpg,taillight_left
images/train/taillight_left/taillight_left_0012.jpg,taillight_left
images/train/taillight_left/taillight_left_0013.jpg,taillight_left
images/train/taillight_left/taillight_left_0014.jpg,taillight_left
images/train/taillight_left/taillight_left_0015.jpg,taillight_left
images/train/taillight_left/taillight_left_0016.jpg,taillight_left
images/train/taillight_left/taillight_left_0017.jpg,taillight_left
images/train/taillight_left/taillight_left_0018.jpg,taillight_left
images/train/taillight_left/taillight_left_0019.jpg,taillight_left
images/train/taillight_left/taillight_left_0020.jpg,taillight_left
images/train/taillight_left/taillight_left_0021.jpg,taillight_left
images/train/taillight_left/taillight_left_0022.jpg,taillight_left
images/train/taillight_left/taillight_left_0023.jpg,taillight_left
images/train/taillight_left/taillight_left_0024.jpg,taillight_left
images/train/taillight_left/taillight_left_0025.jpg,taillight_left
images/train/taillight_left/taillight_left_0026.jpg,taillight_left
images/train/taillight_left/taillight_left_0027.jpg,taillight_left
images/train/taillight_left/taillight_left_0028.jpg,taillight_left
images/train/taillight_left/taillight_left_0029.jpg,taillight_left
images/train/taillight_left/taillight_left_0030.jpg,taillight_left
images/train/taillight_left/taillight_left_0031.jpg,taillight_left
images/train/taillight_left/taillight_left_0032.jpg,taillight_left
images/train/taillight_left/taillight_left_0033.jpg,taillight_left
images/train/taillight_left/taillight_left_0034.jpg,taillight_left
images/train/taillight_left/taillight_left_0035.jpg,taillight_left
images/train/taillight_left/taillight_left_0036.jpg,taillight_left
images/train/taillight_left/taillight_left_0037.jpg,taillight_left
images/train/taillight_left/taillight_left_0038.jpg,taillight_left
images/train/taillight_left/taillight_left_0039.jpg,taillight_left
images/train/taillight_left/taillight_left_0040.jpg,taillight_left
images/train/taillight_left/taillight_left_0041.jpg,taillight_left
images/train/taillight_left/taillight_left_0042.jpg,taillight_left
images/train/taillight_left/taillight_left_0043.jpg,taillight_left
images/train/taillight_left/taillight_left_0044.jpg,taillight_left
images/train/taillight_left/taillight_left_0045.jpg,taillight_left
images/train/taillight_left/taillight_left_0046.jpg,taillight_left
images/train/taillight_left/taillight_left_0047.jpg,taillight_left
images/train/taillight_left/taillight_left_0048.jpg,taillight_left
images/train/taillight_left/taillight_left_0049.jpg,taillight_left
images/train/taillight_left/taillight_left_0050.jpg,taillight_left
images/train/taillight_left/taillight_left_0051.jpg,taillight_left
images/train/taillight_left/taillight_left_0052.jpg,taillight_left
images/train/taillight_left/taillight_left_0053.jpg,taillight_left
images/train/taillight_left/taillight_left_0054.jpg,taillight_left
images/train/taillight_left/taillight_left_0055.jpg,taillight_left
images/train/taillight_left/taillight_left_0056.jpg,taillight_left
images/train/taillight_left/taillight_left_0057.jpg,taillight_left
images/train/taillight_left/taillight_left_0058.jpg,taillight_left
images/train/taillight_left/taillight_left_0059.jpg,taillight_left
images/train/taillight_left/taillight_left_0060.jpg,taillight_left
images/train/taillight_left/taillight_left_0061.jpg,taillight_left
images/train/taillight_left/taillight_left_0062.jpg,taillight_left
images/train/taillight_left/taillight_left_0063.jpg,taillight_left
images/train/taillight_left/taillight_left_0064.jpg,taillight_left
images/train/taillight_left/taillight_left_0065.jpg,taillight_left
images/train/taillight_left/taillight_left_0066.jpg,taillight_left
images/train/taillight_left/taillight_left_0067.jpg,taillight_left
images/train/taillight_left/taillight_left_0068.jpg,taillight_left
images/train/taillight_left/taillight_left_0069.jpg,taillight_left
images/train/taillight_left/taillight_left_0070.jpg,taillight_left
images/train/taillight_left/taillight_left_0071.jpg,taillight_left
images/train/taillight_right/taillight_right_0000.jpg,taillight_right
images/train/taillight_right/taillight_right_0001.jpg,taillight_right
images/train/taillight_right/taillight_right_0002.jpg,taillight_right
images/train/taillight_right/taillight_right_0003.jpg,taillight_right
images/train/taillight_right/taillight_right_0004.jpg,taillight_right
images/train/taillight_right/taillight_right_0005.jpg,taillight_right
images/train/taillight_right/taillight_right_0006.jpg,taillight_right
images/train/taillight_right/taillight_right_0007.jpg,taillight_right
images/train/taillight_right/taillight_right_0008.jpg,taillight_right
images/train/taillight_right/taillight_right_0009.jpg,taillight_right
images/train/taillight_right/taillight_right_0010.jpg,taillight_right
images/train/taillight_right/taillight_right_0011.jpg,taillight_right
images/train/taillight_right/taillight_right_0012.jpg,taillight_right
images/train/taillight_right/taillight_right_0013.jpg,taillight_right
images/train/taillight_right/taillight_right_0014.jpg,taillight_right
images/train/taillight_right/taillight_right_0015.jpg,taillight_right
images/train/taillight_right/taillight_right_0016.jpg,taillight_right
images/train/taillight_right/taillight_right_0017.jpg,taillight_right
images/train/taillight_right/taillight_right_0018.jpg,taillight_right
images/train/taillight_right/taillight_right_0019.jpg,taillight_right
images/train/taillight_right/taillight_right_0020.jpg,taillight_right
images/train/taillight_right/taillight_right_0021.jpg,taillight_right
images/train/taillight_right/taillight_right_0022.jpg,taillight_right
images/train/taillight_right/taillight_right_0023.jpg,taillight_right
images/train/taillight_right/taillight_right_0024.jpg,taillight_right
images/train/taillight_right/taillight_right_0025.jpg,taillight_right
images/train/taillight_right/taillight_right_0026.jpg,taillight_right
images/train/taillight_right/taillight_right_0027.jpg,taillight_right
images/train/taillight_right/taillight_right_0028.jpg,taillight_right
images/train/taillight_right/taillight_right_0029.jpg,taillight_right
images/train/taillight_right/taillight_right_0030.jpg,taillight_right
images/train/taillight_right/taillight_right_0031.jpg,taillight_right
images/train/taillight_right/taillight_right_0032.jpg,taillight_right
images/train/taillight_right/taillight_right_0033.jpg,taillight_right
images/train/taillight_right/taillight_right_0034.jpg,taillight_right
images/train/taillight_right/taillight_right_0035.jpg,taillight_right
images/train/taillight_right/taillight_right_0036.jpg,taillight_right
images/train/taillight_right/taillight_right_0037.jpg,taillight_right
images/train/taillight_right/taillight_right_0038.jpg,taillight_right
images/train/taillight_right/taillight_right_0039.jpg,taillight_right
images/train/taillight_right/taillight_right_0040.jpg,taillight_right
images/train/taillight_right/taillight_right_0041.jpg,taillight_right
images/train/taillight_right/taillight_right_0042.jpg,taillight_right
images/train/taillight_right/taillight_right_0043.jpg,taillight_right
images/train/taillight_right/taillight_right_0044.jpg,taillight_right
images/train/taillight_right/taillight_right_0045.jpg,taillight_right
images/train/taillight_right/taillight_right_0046.jpg,taillight_right
images/train/taillight_right/taillight_right_0047.jpg,taillight_right
images/train/taillight_right/taillight_right_0048.jpg,taillight_right
images/train/taillight_right/taillight_right_0049.jpg,taillight_right
images/train/taillight_right/taillight_right_0050.jpg,taillight_right
images/train/taillight_right/taillight_right_0051.jpg,taillight_right
images/train/taillight_right/taillight_right_0052.jpg,taillight_right
images/train/taillight_right/taillight_right_0053.jpg,taillight_right
images/train/taillight_right/taillight_right_0054.jpg,taillight_right
images/train/taillight_right/taillight_right_0055.jpg,taillight_right
images/train/taillight_right/taillight_right_0056.jpg,taillight_right
images/train/taillight_right/taillight_right_0057.jpg,taillight_right
images/train/taillight_right/taillight_right_0058.jpg,taillight_right
images/train/taillight_right/taillight_right_0059.jpg,taillight_right
images/train/taillight_right/taillight_right_0060.jpg,taillight_right
images/train/taillight_right/taillight_right_0061.jpg,taillight_right
images/train/taillight_right/taillight_right_0062.jpg,taillight_right
images/train/taillight_right/taillight_right_0063.jpg,taillight_right
images/train/taillight_right/taillight_right_0064.jpg,taillight_right
images/train/taillight_right/taillight_right_0065.jpg,taillight_right
images/train/taillight_right/taillight_right_0066.jpg,taillight_right
images/train/taillight_right/taillight_right_0067.jpg,taillight_right
images/train/taillight_right/taillight_right_0068.jpg,taillight_right
images/train/taillight_right/taillight_right_0069.jpg,taillight_right
images/train/taillight_right/taillight_right_0070.jpg,taillight_right
images/train/taillight_right/taillight_right_0071.jpg,taillight_right
images/train/wheel_rim/wheel_rim_0000.jpg,wheel_rim
images/train/wheel_rim/wheel_rim_0001.jpg,wheel_rim
images/train/wheel_rim/wheel_rim_0002.jpg,wheel_rim
images/train/wheel_rim/wheel_rim_0003.jpg,wheel_rim
images/train/wheel_rim/wheel_rim_0004.jpg,wheel_rim
images/train/wheel_rim/wheel_rim_0005.jpg,wheel_rim
images/train/wheel_rim/wheel_rim_0006.jpg,wheel_rim
images/train/wheel_rim/wheel_rim_0007.jpg,wheel_rim
images/train/wheel_rim/wheel_rim_0008.jpg,wheel_rim
images/train/wheel_rim/wheel_rim_0009.jpg,wheel_rim
images/train/wheel_rim/wheel_rim_0010.jpg,wheel_rim
images/train/wheel_rim/wheel_rim_0011.jpg,wheel_rim
images/train/wheel_rim/wheel_rim_0012.jpg,wheel_rim
images/train/wheel_rim/wheel_rim_0013.jpg,wheel_rim
images/train/wheel_rim/wheel_rim_0014.jpg,wheel_rim
images/train/wheel_rim/wheel_rim_0015.jpg,wheel_rim
images/train/wheel_rim/wheel_rim_0016.jpg,wheel_rim
images/train/wheel_rim/wheel_rim_0017.jpg,wheel_rim
images/train/wheel_rim/wheel_rim_0018.jpg,wheel_rim
images/train/wheel_rim/wheel_rim_0019.jpg,wheel_rim
images/train/wheel_rim/wheel_rim_0020.jpg,wheel_rim
images/train/wheel_rim/wheel_rim_0021.jpg,wheel_rim
images/train/wheel_rim/wheel_rim_0022.jpg,wheel_rim
images/train/wheel_rim/wheel_rim_0023.jpg,wheel_rim
images/train/wheel_rim/wheel_rim_0024.jpg,wheel_rim
images/train/wheel_rim/wheel_rim_0025.jpg,wheel_rim
images/train/wheel_rim/wheel_rim_0026.jpg,wheel_rim
images/train/wheel_rim/wheel_rim_0027.jpg,wheel_rim
images/train/wheel_rim/wheel_rim_0028.jpg,wheel_rim
images/train/wheel_rim/wheel_rim_0029.jpg,wheel_rim
images/train/wheel_rim/wheel_rim_0030.jpg,wheel_rim
images/train/wheel_rim/wheel_rim_0031.jpg,wheel_rim
images/train/wheel_rim/wheel_rim_0032.jpg,wheel_rim
images/train/wheel_rim/wheel_rim_0033.jpg,wheel_rim
images/train/wheel_rim/wheel_rim_0034.jpg,wheel_rim
images/train/wheel_rim/wheel_rim_0035.jpg,wheel_rim
images/train/wheel_rim/wheel_rim_0036.jpg,wheel_rim
images/train/wheel_rim/wheel_rim_0037.jpg,wheel_rim
images/train/wheel_rim/wheel_rim_0038.jpg,wheel_rim
images/train/wheel_rim/wheel_rim_0039.jpg,wheel_rim
images/train/wheel_rim/wheel_rim_0040.jpg,wheel_rim
images/train/wheel_rim/wheel_rim_0041.jpg,wheel_rim
images/train/wheel_rim/wheel_rim_0042.jpg,wheel_rim
images/train/wheel_rim/wheel_rim_0043.jpg,wheel_rim
images/train/wheel_rim/wheel_rim_0044.jpg,wheel_rim
images/train/wheel_rim/wheel_rim_0045.jpg,wheel_rim
images/train/wheel_rim/wheel_rim_0046.jpg,wheel_rim
images/train/wheel_rim/wheel_rim_0047.jpg,wheel_rim
images/train/wheel_rim/wheel_rim_0048.jpg,wheel_rim
images/train/wheel_rim/wheel_rim_0049.jpg,wheel_rim
images/train/wheel_rim/wheel_rim_0050.jpg,wheel_rim
images/train/wheel_rim/wheel_rim_0051.jpg,wheel_rim
images/train/wheel_rim/wheel_rim_0052.jpg,wheel_rim
images/train/wheel_rim/wheel_rim_0053.jpg,wheel_rim
images/train/wheel_rim/wheel_rim_0054.jpg,wheel_rim
images/train/wheel_rim/wheel_rim_0055.jpg,wheel_rim
images/train/wheel_rim/wheel_rim_0056.jpg,wheel_rim
images/train/wheel_rim/wheel_rim_0057.jpg,wheel_rim
images/train/wheel_rim/wheel_rim_0058.jpg,wheel_rim
images/train/wheel_rim/wheel_rim_0059.jpg,wheel_rim
images/train/wheel_rim/wheel_rim_0060.jpg,wheel_rim
images/train/wheel_rim/wheel_rim_0061.jpg,wheel_rim
images/train/wheel_rim/wheel_rim_0062.jpg,wheel_rim
images/train/wheel_rim/wheel_rim_0063.jpg,wheel_rim
images/train/wheel_rim/wheel_rim_0064.jpg,wheel_rim
images/train/wheel_rim/wheel_rim_0065.jpg,wheel_rim
images/train/wheel_rim/wheel_rim_0066.jpg,wheel_rim
images/train/wheel_rim/wheel_rim_0067.jpg,wheel_rim
images/train/wheel_rim/wheel_rim_0068.jpg,wheel_rim
images/train/wheel_rim/wheel_rim_0069.jpg,wheel_rim
images/train/wheel_rim/wheel_rim_0070.jpg,wheel_rim
images/train/wheel_rim/wheel_rim_0071.jpg,wheel_rim
images/train/wheel_rim/wheel_rim_0072.jpg,wheel_rim
images/train/wheel_rim/wheel_rim_0073.jpg,wheel_rim
images/train/wheel_rim/wheel_rim_0074.jpg,wheel_rim
images/train/wheel_rim/wheel_rim_0075.jpg,wheel_rim
images/train/wheel_rim/wheel_rim_0076.jpg,wheel_rim
images/train/wheel_rim/wheel_rim_0077.jpg,wheel_rim
images/train/wheel_rim/wheel_rim_0078.jpg,wheel_rim
images/train/wheel_rim/wheel_rim_0079.jpg,wheel_rim
images/train/wheel_rim/wheel_rim_0080.jpg,wheel_rim
images/train/wheel_rim/wheel_rim_0081.jpg,wheel_rim
images/train/wheel_rim/wheel_rim_0082.jpg,wheel_rim
images/train/wheel_rim/wheel_rim_0083.jpg,wheel_rim
images/train/wheel_rim/wheel_rim_0084.jpg,wheel_rim
images/train/wheel_rim/wheel_rim_0085.jpg,wheel_rim
images/train/wheel_rim/wheel_rim_0086.jpg,wheel_rim
images/train/wheel_rim/wheel_rim_0087.jpg,wheel_rim
images/train/wheel_rim/wheel_rim_0088.jpg,wheel_rim
images/train/wheel_rim/wheel_rim_0089.jpg,wheel_rim
images/train/wheel_rim/wheel_rim_0090.jpg,wheel_rim
images/train/wheel_rim/wheel_rim_0091.jpg,wheel_rim
images/train/wheel_rim/wheel_rim_0092.jpg,wheel_rim
images/train/wheel_rim/wheel_rim_0093.jpg,wheel_rim
images/train/wheel_rim/wheel_rim_0094.jpg,wheel_rim
images/train/wheel_rim/wheel_rim_0095.jpg,wheel_rim
images/train/wheel_rim/wheel_rim_0096.jpg,wheel_rim
images/train/wheel_rim/wheel_rim_0097.jpg,wheel_rim
images/train/wheel_rim/wheel_rim_0098.jpg,wheel_rim
images/train/wheel_rim/wheel_rim_0099.jpg,wheel_rim
images/train/wheel_rim/wheel_rim_0100.jpg,wheel_rim
images/train/wheel_rim/wheel_rim_0101.jpg,wheel_rim
images/train/wheel_rim/wheel_rim_0102.jpg,wheel_rim
images/train/wheel_rim/wheel_rim_0103.jpg,wheel_rim
images/train/wheel_rim/wheel_rim_0104.jpg,wheel_rim
images/train/wheel_rim/wheel_rim_0105.jpg,wheel_rim
images/train/wheel_rim/wheel_rim_0106.jpg,wheel_rim
images/train/wheel_rim/wheel_rim_0107.jpg,wheel_rim
images/train/wheel_rim/wheel_rim_0108.jpg,wheel_rim
images/train/wheel_rim/wheel_rim_0109.jpg,wheel_rim
images/train/wheel_rim/wheel_rim_0110.jpg,wheel_rim
images/train/wheel_rim/wheel_rim_0111.jpg,wheel_rim
images/train/wheel_rim/wheel_rim_0112.jpg,wheel_rim
images/train/wheel_rim/wheel_rim_0113.jpg,wheel_rim
images/train/wheel_rim/wheel_rim_0114.jpg,wheel_rim
images/train/wheel_rim/wheel_rim_0115.jpg,wheel_rim
images/train/wheel_rim/wheel_rim_0116.jpg,wheel_rim
images/train/wheel_rim/wheel_rim_0117.jpg,wheel_rim
images/train/wheel_rim/wheel_rim_0118.jpg,wheel_rim
images/train/wheel_rim/wheel_rim_0119.jpg,wheel_rim
images/train/wheel_rim/wheel_rim_0120.jpg,wheel_rim
images/train/wheel_rim/wheel_rim_0121.jpg,wheel_rim
images/train/wheel_rim/wheel_rim_0122.jpg,wheel_rim
images/train/wheel_rim/wheel_rim_0123.jpg,wheel_rim
images/train/wheel_rim/wheel_rim_0124.jpg,wheel_rim
images/train/wheel_rim/wheel_rim_0125.jpg,wheel_rim
images/train/wheel_rim/wheel_rim_0126.jpg,wheel_rim
images/train/wheel_rim/wheel_rim_0127.jpg,wheel_rim
images/train/wheel_rim/wheel_rim_0128.jpg,wheel_rim
images/train/wheel_rim/wheel_rim_0129.jpg,wheel_rim
images/train/wheel_rim/wheel_rim_0130.jpg,wheel_rim
images/train/wheel_rim/wheel_rim_0131.jpg,wheel_rim
images/train/wheel_rim/wheel_rim_0132.jpg,wheel_rim
images/train/wheel_rim/wheel_rim_0133.jpg,wheel_rim
images/train/wheel_rim/wheel_rim_0134.jpg,wheel_rim
images/train/wheel_rim/wheel_rim_0135.jpg,wheel_rim
images/train/wheel_rim/wheel_rim_0136.jpg,wheel_rim
images/train/wheel_rim/wheel_rim_0137.jpg,wheel_rim
images/train/wheel_rim/wheel_rim_0138.jpg,wheel_rim
images/train/wheel_rim/wheel_rim_0139.jpg,wheel_rim
images/train/wheel_rim/wheel_rim_0140.jpg,wheel_rim
images/train/wheel_rim/wheel_rim_0141.jpg,wheel_rim
images/train/wheel_rim/wheel_rim_0142.jpg,wheel_rim
images/train/wheel_rim/wheel_rim_0143.jpg,wheel_rim
images/train/wheel_rim/wheel_rim_0144.jpg,wheel_rim
images/train/wheel_rim/wheel_rim_0145.jpg,wheel_rim
images/train/wheel_rim/wheel_rim_0146.jpg,wheel_rim
images/train/wheel_rim/wheel_rim_0147.jpg,wheel_rim
images/train/wheel_rim/wheel_rim_0148.jpg,wheel_rim
images/train/wheel_rim/wheel_rim_0149.jpg,wheel_rim
images/train/wheel_rim/wheel_rim_0150.jpg,wheel_rim
images/train/wheel_rim/wheel_rim_0151.jpg,wheel_rim
images/train/wheel_rim/wheel_rim_0152.jpg,wheel_rim
images/train/wheel_rim/wheel_rim_0153.jpg,wheel_rim
images/train/wheel_rim/wheel_rim_0154.jpg,wheel_rim
images/train/wheel_rim/wheel_rim_0155.jpg,wheel_rim
images/train/wheel_rim/wheel_rim_0156.jpg,wheel_rim
images/train/wheel_rim/wheel_rim_0157.jpg,wheel_rim
images/train/wheel_rim/wheel_rim_0158.jpg,wheel_rim
images/train/wheel_rim/wheel_rim_0159.jpg,wheel_rim
